Aaron Tidwell <aaron.tidwell@gmail.com>
Adam Hooper <adam@adamhooper.com>
Adrian Bak <valinorsgatekeeper@gmail.com>
Agent-h <hadrien.milano@gmail.com>
Albert Martin <amartin@treehouse.co>
Alejandro Nanez <alejonanez@gmail.com>
Aleks-d <aldr@manning.com>
Alex Clavelle <aclav3113@gmail.com>
Alex Yursha <alexyursha@gmail.com>
Alexis Hénaut <alexis@henaut.net>
AmeenAhmed <ameen.ahmed.b@gmail.com>
Andi N. Dirgantara <andi.n.dirgantara@gmail.com>
Andrew Del Prete <andy@pathsofdesign.com>
Andrew Grigorev <andrew@ei-grad.ru>
Andrew Livesay <andrew.livesay@gmail.com>
Anthony Verez <netantho@gmail.com>
Arisa Ochavez <acochavez@voyagerinnovation.com>
Armel Larcier <armel.larcier@gmail.com>
ArtworkAD <ArtjomZabelin@gmail.com>
Aurélien Thieriot <a.thieriot@gmail.com>
Batuhan Icoz <batuhanicoz@gmail.com>
Ben Fonarov <ben.fonarov@gmail.com>
Ben Rudolph <rudolphben@gmail.com>
Benjamin Armstrong <benjamin.armstrong92@gmail.com>
Bicherele <bicherele@gmail.com>
Blake Owens <blake@blakeowens.com>
Boris Tacyniak <boris.tacyniak@itevents.fr>
Brad Carleton <brad@techpines.com>
Brandon Chambers <brandon.chambers@callpointe.com>
Brandon Weaver <keystonelemur@gmail.com>
Brian Volk <freshvolk@gmail.com>
Bryan Morris <bryan@internalfx.com>	internalfx <bryan@internalfx.com>
Cacteye <peter.hieu.nguyen@gmail.com>
Calvert Yang <yz3210@gmail.com>
Campbell Anderson <campbell@pxldepth.com>
Carl Mungazi <c_mungazi@hotmail.co.uk>
Chad Koski <chad@koski.com>
Chad McElligott <cmcelligott@digium.com>
Charlike Mike Reagent <tunnckoCore@users.noreply.github.com>
Chetan Shenoy <me@chetanshenoy.com>
Chris Vickery <c4@swirl.com>
Christopher Broome <ChrisBroome7@gmail.com>
Christopher M. Mitchell <christopher@divthis.com>
Christopher Najewicz <chief@beefdisciple.com>
Ciaran Maher <ciaran@maher.ie>
Clark Wang <clark.wang@auramarker.com>
Clemens Burger <clemo@hockwien.at>
Cody Stoltman <particlebanana@gmail.com>	Cody Stoltman <particlebanana@users.noreply.github.com>
Colin Wren <colinwrenca@gmail.com>
Conner McDaniel <connermcd@gmail.com>
Connor Peet <connor@peet.io>
Curtis Lacy <curtis.lacy@grgcomponents.com>	Curtis Lacy <curtis@engine.co>
Curtis Lacy <curtis.lacy@grgcomponents.com>	Curtis <curtis.lacy@grgcomponents.com>
Curtis Lacy <curtis.lacy@grgcomponents.com>	Curtis Lacy <curtis.lacy@ldengine.com>
D1plo1d <d1plo1d@d1plo1d.com>
Dan Dascalescu <ddascalescu+github@gmail.com>
Dan Green <danon0404@gmail.com>
Dan Jenkins <dan.jenkins88@gmail.com>
Daniel Buentello <dbuentello@mioty.com>
Daniel Feel Fine <danielfeelfine@gmail.com>	Feel Fine <danielfeelfine@gmail.com>
David M. Lee <dlee@digium.com>	David M. Lee <dlee@respoke.io>
David Rosen <drosen0@gmail.com>
Deng Zhi Cheng <zhicheng.deng@siemens.com>
Dennis Bartlett <bartlett.dc.1@gmail.com>	Dennis Bartlett <dcbartlett@xancomp.com>
Devadatta Sahoo <devadattas@gmail.com>
Diullei Gomes <diullei@gmail.com>
Dmitry Mazuro <dmitry.mazuro@icloud.com>
Duncan MacKenzie <duncan@duncanmacweb.com>
Dustin Stiles <dustinwstiles@gmail.com>
Dário <dario@appscot.com>
Eduard Baun <eduard@baun.de>
Enkows Zhang <enkows.zhang@gmail.com>
Evan Sharp <dumbdrum@gmail.com>
Fabio Poloni <fabio@APP-roved.com>
Felix Rieseberg <felix@felixrieseberg.com>
Fernando López Guevara <fernando.lguevara@gmail.com>
Florian Albertz <flo.albertz@gmail.com>
Frank Kuhn <frank.kuhn@silbury.com>
Gabe Hernandez <ghernandez345@gmail.com>
Gil Ferreira <gfgilly@gmail.com>
GitHub <noreply@github.com>
Glen Selle <glenselle@me.com>
Markus Padourek <markus.padourek@gmail.com>	Globegitter <markus.padourek@gmail.com>
Goran Gajic <fero.null@gmail.com>
Graeme Yeates <megawac@gmail.com>
Greg Thornton <xdissent@me.com>	Greg Thornton <gthornton@cjadvertising.com>
Hanif Bali <hanif@Hanifs-MacBook-Pro.local>
Havard Wall <haavardw@gmail.com>
Hernan Y.Ke <yuriqiao@gmail.com>
Ignacio Carbajo <icarbajop@gmail.com>
Illimar Tambek <illimar.tambek@gmail.com>
Ilya Radchenko <ilya@burstcreations.com>
Irl Nathan <irlnathan@gmail.com>
Ivan <listepo@ya.ru>	Ivan Tugay <listepo@gmail.com>
Ivan <listepo@ya.ru>	Ivan <listepo@gmail.com>
James Smith <james@bitprice.com>
James Warren <james@thisissoon.com>
Jared King <jared@nfuseweb.com>
Jason More <Jason.More@gmail.com>
Jason Sims <jsims@nutanix.com>
Jeffrey Mealo <jeffreymealo@gmail.com>
Jeremy Phelps <jeremy.phelps@domandtom.com>
Joao Andrade <jjadonotenter@gmail.com>
Joe Gores <goresj@gmail.com>
Johnny Hausman <johnny@hausmanfamily.com>
Jon Long <jon@linesandwaves.com>
Jonathan Wilde <hello@jwilde.me>
Jordan Cauley <jordan@cauley.co>
Joseba Legarreta <josebalega@gmail.com>
Josh Rose <lookingforrat@gmail.com>
Julien Muetton <themouette@gmail.com>
Justin Calleja <justin@Justins-MacBook-Pro-2.local>
Kevin Burke <kev@inburke.com>
Kevin McGrath <kevin.mcgrath@sungard.com>
Kevin Sivabalan <timestep@users.noreply.github.com>
Konstantin Zolotarev <konstantin.zolotarev@gmail.com>
KoutarouYabe <koutarou@linux.moe>
Lukasz Krawczyk <contact@lukaszkrawczyk.eu>	LukaszKrawczyk <contact@lukaszkrawczyk.eu>
Lukasz Krawczyk <contact@lukaszkrawczyk.eu>	LK <contact@lukaszkrawczyk.eu>
Larry Fox <larrywfox@gmail.com>
Laurent Peuch <cortex@worlddomination.be>
Leonard Martin <leonard.martin@gmail.com>
Lochlan Wansbrough <lochie@live.com>
Lord Daniel Zautner <dzautner@gmail.com>
Loïc Saint-Roch <hack@loic.io>	loicsaintroch <hack@loic.io>
Lucas Constantino Silva <lucasconstantinosilva@gmail.com>
Luis Lobo Borobia <luislobo@gmail.com>
Marcus <marcus@mphasize.de>
Marek Sitko <masitko@gmail.com>
Mario Nebl <root@mario-nebl.de>	Mario Nebl <mario@bloozone.com>
Mark McEver <mark@fastmail.net>
Martin Jantošovič <jantosovic.martin@gmail.com>	Martin Jantosovic <jantosovic.martin@gmail.com>
mdunisch <mdunisch@users.noreply.github.com>	Martin <mdunisch@users.noreply.github.com>
mdunisch <mdunisch@users.noreply.github.com>	mdunisch <subseven>
Matt Lee <matt@madleedesign.com>
Matt Liegey <mtliegey@gmail.com>
Matthew Marino <mmarino@jcmar.com>
Michael OBrien <michael.obrien@praece.com>
Michael <mikemastah@users.noreply.github.com>
Mike DeVita <m.devita@gmail.com>
Mike McNeil <michael.r.mcneil@gmail.com>	Mike McNeil <mike@balderdash.co>
Mike McNeil <michael.r.mcneil@gmail.com>	Mike McNeil <mikermcneil@users.noreply.github.com>
Mike McNeil <michael.r.mcneil@gmail.com>	mikermcneil <mike@unwirednation.com>
Mike McNeil <michael.r.mcneil@gmail.com>	mikermcneil <michael.r.mcneil@gmail.com>
Mike van Rossum <mike@mikevanrossum.nl>	Mike van Rossum <mike@askmike.org>
Morton Fox <github@qslw.com>
Mr Johnsson <c.johnsson@wocodi.com>
Nat Dash <nat.dash@gmail.com>
Nathan Houle <nathan@nathanhoule.com>
Nicholas Crumrine <uncletammy@yahoo.com>
Nick Eddy <eddy.nicholas@gmail.com>
Nick Hatt <nick@redoxengine.com>
Niclas Snellman <niclas.snellman@gmail.com>
Nico Gevers <nico@squire-labs.com>
Ole Spaarmann <spaarmann@soerlaf.com>
Oleg Gaidarenko <markelog@gmail.com>
Olivier Roche <addict06@gmail.com>
PatrickJS <github@gdi2290.com>
Paul Wolneykien <manowar@altlinux.org>
Paul <myheadxplodz@gmail.com>
Peter Nguyen <cacteye@lavabit.com>
Peter Sobot <psobot@gmail.com>	Peter Sobot <github@petersobot.com>
Piotr Yordanov <piotr.yordanov@gmail.com>
Poojan Shrestha <poojans@gmail.com>
Prayag Verma <prayag.verma@gmail.com>
RWOverdijk <r.w.overdijk@gmail.com>	Wesley Overdijk <r.w.overdijk@gmail.com>
Rachael Shaw <r@rachael.wtf>	rachaelraygun <rachael@balderdash.co>
Rachael Shaw <r@rachael.wtf>	Rachael Shaw <rachael@balderdash.co>
Rachael Shaw <r@rachael.wtf>	Rachael Shaw <rachaelshaw@users.noreply.github.com>
Rene-Russell Santos <russell.santos@gmail.com>
Rob Graeber <bgraeber@gmail.com>
Rob Knight <raknight@ucsc.edu>
robertd <robert.djurasaj@gmail.com>	Robert Djurasaj <robertd@users.noreply.github.com>
robertd <robert.djurasaj@gmail.com>	Robert Djurasaj <robert.djurasaj@gmail.com>
Robert Moggach <rob@moggach.com>
Robert Rossmann <rr.rossmann@me.com>
Robin Cafolla <robin@Ubuntu-Leviathon.(none)>
Roman Gafurov <gafurov.roma89@gmail.com>	Roman Gafurov <rgafurov@smprc.ru>
Russell <ruzz311@gmail.com>
Ryan Clardy <ryan@metabahn.com>
Ryan Seys <rsmseys@gmail.com>
Ryan Wood <rwoody@gmail.com>
Saul Maddox <saul.maddox@gmail.com>
Scott Gress <scottmgress@gmail.com>	Scott Gress <scott@pigandcow.com>
Scott Gress <scottmgress@gmail.com>	sgress454 <scottmgress@gmail.com>
Sebastian Lundström <sebastian.lundstrom@netlight.com>
Simon Reinsperger <reinsperger.smn@gmail.com>
SkylerRogers <skylerarogers@gmail.com>
sleewoo <mail@sleewoo.com>	Slee Woo <mail@sleewoo.com>
Stephen Aghaulor <saghaulor@gmail.com>
SylvainLap <sylvain.lapendry@gmail.com>
Tacyniak <boris.tacyniak@viacesi.fr>
Tarmo Leppänen <tarmo.leppanen@protacon.com>
Ted Kulp <ted@tedkulp.com>
Ted Wise <cwise@hdlabinc.com>
The Gitter Badger <badger@gitter.im>
Tony Apuzzo <Tony.Apuzzo@flatironssolutions.com>
Travis Webb <me@traviswebb.com>
U-Zyn Chua <chua@uzyn.com>
Victor Heng <bakavic@gmail.com>
Victor Powell <vicapow@gmail.com>
Viktor Konovalov aka virpool <kde3.5virpool@gmail.com>
Vincent Spallek <vincent.spallek@bosch.com>
Vishnu Ravi <vishnu.ravi@gmail.com>
Vytautas Jakutis <jakutis@wix.com>
William Golden <egdelwonk@gmail.com>
William Li <williamli@pixls.co>
Willson Mock <willson.mock@gmail.com>
Wulf Sölter <wulf@wulf.co.nz>
Yasin Okumus <yasinokumus@gmail.com>
Yoshua <yoshuawuyts@gmail.com>	Yoshua Wuyts <yoshuawuyts@gmail.com>
Zolmeister <zolikahan@gmail.com>	Zoli Kahan <zolikahan@gmail.com>
adam <adjoinant@gmail.com>
alertby <housebel@gmail.com>
andyhu <huyifan@vip.sina.com>
andyzhau <andyzh1314@gmail.com>
ataman <elnights@gmail.com>
bmac <bmac325@GMail.com>
boogerlad <boogerlad@gmail.com>
borestad <johan@borestad.com>
c4605 <bolasblack@gmail.com>
clemo <clemo@jilter.devcontrol.org>
cmemery <chris.emery@gmail.com>
corban baxter <corbanb@gmail.com>
cpmoser <cpmoser@network54.com>
d4mn <laimrmk@gmail.com>
dasher <dasher@crucialdivide.com>
davesag <davesag@gmail.com>
devel-pa <devel.pa@gmail.com>
digitalcraft <jeff@digital8.com.au>
dubcanada <dubcanada@gmail.com>
dylan hassinger <d@dylanized.com>
eric-burel <eric.burel.0@gmail.com>
evanburchard <evan.burchard@gmail.com>
flipflopsimsommer <clemo@devcontrol.org>
jaulz <jaulz@users.noreply.github.com>
jciolek <github@webnicer.com>
jelhan <jeldrik@systemli.org>
jub3i <anon66@gmail.com>
kasperisager <kasperisager@gmail.com>
kokujin <nhytro@googlemail.com>
ksmithson <ksmithson@sazze.com>
leobudima <leo.budima@gmail.com>
mewben <melvinsoldia@outlook.com>
moranje <moranje@MacBook-Air-van-Martien.local>
mrfishie <me@mrfishie.com>
nanopx <yoshitake@abaris.co.jp>
reecelewellen <reece.lewellen@gmail.com>
saada <mahmoudsaada@gmail.com>
sajov <info@sajo-media.de>
satyrwilder <leah.lasalla@satyrwilder.com>
serjrd <sm@coeffee.com>
slantzjr <slantzjr@gmail.com>
smies <james.smith@cantab.net>
stangah <pstanger@gmail.com>
stormslowly <stormslowly@gmail.com>
t3rminus <k3vin.net@gmail.com>
tonychenc <tony@t-mac.local>
uncletammy <uncletammy@gmail.com>
wanderer <null_radix@riseup.net>	wanderer <mjbecze@gmail.com>
xpeper <xpepermint@gmail.com>
zander <aamagtipon@voyagerinnovation.com>
Álvaro Acción Montes <alvaroaccionmontes@gmail.com>