0x4139 <0x4139@gmail.com>
0xNobody <0xNobody@users.noreply.github.com>
Ziggy Jonsson <ziggy.jonsson.nyc@gmail.com>	10cap <ziggy.jonsson.nyc@gmail.com>
AJ Ostrow <alexander.ostrow@gmail.com>
Aaron Hartwig <aaron.hartwig@whyhigh.com>
Aaron Heckmann <aaron.heckmann+github@gmail.com>
Aaron Miller <me@aaron-miller.me>
Adam Blackburn <regality@gmail.com>
Aesop Wolf <aesopwolf@gmail.com>
Afanasy Kurakin <afanasy@gmail.com>
Ahmad Nassri <ahmad@codeinchaos.com>	Ahmad Nassri <ahmad@ahmadnassri.com>
Ainun Nazieb <ainun.nazieb@gmail.com>
Akshay Patel <akshayrpatel@gmail.com>
Alan Gutierrez <alan@prettyrobots.com>
Alban Mouton <mouton-a@mgdis.fr>
Albert Callarisa <shark234@gmail.com>
Alejandro Oviedo <alejandro.oviedo.g@gmail.com>
Alex Doronin <alex@bandpage.com>
Alex Indigo <iam@alexindigo.com>
Alex Zylman <alex.zylman@gmail.com>
Alexander Gugel <alexander.gugel@gmail.com>
Alexander Shusta <alexander.shusta@gmail.com>	Alexander <alexander.shusta@gmail.com>
Andreas Lind Petersen <andreas@one.com>
Andres Suarez <zertosh@gmail.com>
Andrew Peace <apeace@gmail.com>
Andrew Schaaf <andrew@andrewschaaf.com>
Aniket Panse <aniket@getpostman.com>
Anna Henningsen <anna@addaleax.net>
Anton Kudris <anton@kudris.com>
Arbaaz <arbaaz@users.noreply.github.com>
Arnout Kazemier <info@3rd-Eden.com>
Ben Atkin <ben@benatkin.com>
Ben Cherry <bcherry@gmail.com>
Ben Drucker <bvdrucker@gmail.com>
Ben Patterson <ben@nativedigital.com.au>
Benjamin Fritsch <beanie@benle.de>
Benjamin Hanes <ben@brandingbrand.com>
Blake Embrey <hello@blakeembrey.com>
Borislav Rizov <bobyrizov@gmail.com>
Brian White <mscdex@mscdex.net>	Brian White <mscdex@gmail.com>
Bryan English <bryan@bryanenglish.com>
Camille Teicheira <cteicheira@gmail.com>
Chris Anderson <jchris@couchbase.com>
Chris O'Hara <cohara87@gmail.com>
Chris Sainty <chris.sainty@quids.com.au>
Chris Williams <chris@iterativedesigns.com>
Christopher Fitzner <chrisf@extrahop.com>
Christopher Phillips <Christopher.Phillips@sbdinc.com>
Cliff Crosland <cliffcrosland@gmail.com>
Clément Nodet <clement.nodet@gmail.com>
Cyrus <david@jcyr.us>
Dan Dascalescu <ddascalescu+github@gmail.com>
Dan Jenkins <dan.jenkins88@gmail.com>
Dan MacTough <danmactough@gmail.com>
Dan Nissenbaum <daniel347x@gmail.com>
Dav Glass <davglass@gmail.com>
David I. Lehn <dlehn@digitalbazaar.com>
David Wood <bitprobe@gmail.com>
Deam <deamme@users.noreply.github.com>
Dennis B. <dennis@bemmann.de>
Dennis Keller <dennis@gozio.me>
Derek Bredensteiner <derek.bredensteiner@docusign.com>	Derek Bredensteiner <me@proksoup.com>
Dmitry Petukhov <dima@oscarweb.ru>
Dominic Tarr <dominic.tarr@gmail.com>
Doğan Çelik <dogancelik93@gmail.com>
DullReferenceException <jpage@godaddy.com>
Eirik S. Morland <eirik@morland.no>
Eran Hammer <eran@hueniverse.com>
Eric Capps <eric@decentmammal.com>
Eric Millin <etmillin@gmail.com>
Eric Rykwalder <e.rykwalder@gmail.com>
FND <FNDo@gmx.net>
Fabiano Nunes <fabiano@nunes.me>
Feldhacker, Chris <feldhacker.chris@principal.com>
Feross Aboukhadijeh <feross@feross.org>
Finn <derfinn@gmail.com>
Forrest L Norvell <ogd@aoaioxxysz.net>
FredKSchott <FredKSchott@gmail.com>	Fred K. Schott <fkschott@gmail.com>
FredKSchott <FredKSchott@gmail.com>	Fred K. Schott <fschott@box.com>
Frederico Silva <frederico.silva@gmail.com>
Fritz Lin <uxfritz@163.com>
Fritz-Lium <fritzlium@gmail.com>
GitHub <noreply@github.com>
Greg Walden <gswalden@yahoo.com>
Hyungjin Kim <hyungjin.kim@dena.com>
Ian Littman <ian@cloudyhills.com>
Ian Young <iany@amcoonline.net>
Ilya Shaisultanov <ilya.shaisultanov@gmail.com>
Ingvar Stepanyan <me@rreverser.com>
isaacs <i@izs.me>	Isaac Z. Schlueter <i@izs.me>
Itay Neeman <itay@neeman.net>
Jacob Page <jacob.h.page@gmail.com>
Jai Pandya <jaipandya@gmail.com>
Jakukyo Friel <weakish@gmail.com>
James Halliday <mail@substack.net>
James Nylen <jnylen@gmail.com>
Jan Jongboom <janjongboom@gmail.com>
Jan Potoms <potoms.jan@gmail.com>
Jan Stránský <jan.stransky@arnal.cz>
Jann Horn <jannhorn@googlemail.com>
Jason LeBrun <jblebrun@gmail.com>
Jason Smith (air) <jhs@iriscouch.com>	Jason Smith (work) <jhs@iriscouch.com>
Jeff Marshall <jeff@iamjeffmarshall.ca>
Jeffrey Charles <jeffrey.charles@d2l.com>
Jeremy Stashewsky <jeremy@goinstant.com>	Jeremy Stashewsky <stash-sfdc@users.noreply.github.com>
Jerome Gravel-Niquet <jeromegn@gmail.com>
Joe Grund <joe.grund@intel.com>
Joe McCann <joseph.isaac@gmail.com>
John Hewson <johnahewson@yahoo.co.uk>
John Hurliman <jhurliman@jhurliman.org>
John McCarthy <jmsignup@gmail.com>
John Morrison <jrgmorrison@gmail.com>
John Nguyen <nguy0052@gmail.com>
Jonathan Giroux <bloutiouf@gmail.com>
Jonathan Roes <jroes@jroes.net>	Jonathan Roes <jon@skookum.com>
Jong Lee <jongyoonlee@yahoo.com>
Jordan Klassen <forivall@gmail.com>
Joseph Dykstra <josephdykstra@gmail.com>
Josh Perez <josh@goatslacker.com>
Josh Vanderwillik <joshwillik@gmail.com>
Joshua Halickman <jhalickman@gmail.com>
João Jerónimo <jj@crowdprocess.com>
Jörn Zaefferer <joern.zaefferer@gmail.com>
Julian Gautier <julian.gautier@alumni.neumont.edu>
Justin Plock <jplock@gmail.com>
Jérémy Bethmont <jeremy.bethmont@gmail.com>
Ke Zhu <davidzhu.4.2@gmail.com>
Ken Perkins <ken.perkins@rackspace.com>
Ken Sato <ksato9700@gmail.com>
Kevin Burke <kev@inburke.com>
Kevin Locke <kevin@kevinlocke.name>
Kevin Pullin <kevin.pullin@gmail.com>
Konstantin Käfer <github@kkaefer.com>
Kremlin <sjoshuaross@yahoo.com>
Lalit Kapoor <lalitkapoor@gmail.com>
Lewis Ellis <me@lewisjellis.com>	Lewis J Ellis <me@lewisjellis.com>
Liam O'Boyle <liam@ontheroad.net.nz>
Loïc Mahieu <mahieuloic@gmail.com>	Loïc Mahieu <mahieuloic@gmail.com>
Maciej Małecki <me@mmalecki.com>
Manas <prometheansacrifice@gmail.com>
Marc Juul <juul@labitat.dk>
Marco Rogers <marco.rogers@gmail.com>
Mark Ni <xna2@users.noreply.github.com>
Mark van Cuijk <mark@van-cuijk.nl>	Mark van Cuijk <github@mark.van-cuijk.nl>
Marsup <marsup@gmail.com>
Mathias Buus <mathiasbuus@gmail.com>	mafintosh <mathiasbuus@gmail.com>
Matt Blair <matt@mattblair.co>
Matt Smillie <matt.smillie@joyent.com>
Matthew Loar <matthew@loar.name>
Michael Anderson <michael.anderson@runwithrobots.com>
Michael Genereux <mgenereu@gmail.com>	Michael Genereux <mgenereux@cirruspath.com>
Michael Matuzak <mmatuzak@gmail.com>
Michael Ridgway <mridgway@yahoo-inc.com>
Michel Salib <michel.salib@thomsonreuters.com>
Mick Thompson <dthompson@gmail.com>
Miguel Mota <miguelmota2@gmail.com>
Mike Atkins <mike.atkins@lanetix.com>
Mike Brevoort <mike@brevoort.com>
Mike McNeil <mike@balderdash.co>
Mikeal Rogers <mikeal.rogers@gmail.com>
Million Young <pipi32167@gmail.com>
Mirko Di Serafino <mirko.diserafino@gmail.com>
Miro Radenovic <miro.radenovic@dev4side.com>	MiroRadenovic <miro.radenovic@dev4side.com>
Mirza Kapetanovic <mirza.kapetanovic@gmail.com>
Mohamad mehdi Kharatizadeh <m_kharatizadeh@yahoo.com>
Mordy Tikotzky <mordytk@gmail.com>
MuhanZou <muhan0128@gmail.com>	Muhan Zou <muhan0128@gmail.com>
Nano Documet <nanodocumet@gmail.com>
Nathan Friedly <nathan@nfriedly.com>
Nathan LaFreniere <quitlahok@gmail.com>
Nathan White <nw@nwhite.net>
Nicholas Penree <nick@penree.com>
Nick Niemeir <nick.niemeir@gmail.com>
Nicolas Chambrier <naholyr@gmail.com>
Nicolas McCurdy <thenickperson@gmail.com>
Niels Roesen Abildgaard <na@justfone.dk>
Nikita Skalkin <nikskalkin@gmail.com>
Oleg Elifantiev <oleg@elifantiev.ru>
Olivier Amblet <olivier.amblet@epfl.ch>
Ollie Relph <ollie@relph.me>
Ozan Turgut <ozanturgut@gmail.com>
Pablo Ois Lagarde <p@oislagarde.com.ar>
Paul Irish <paul.irish@gmail.com>
Paul Serby <paul.serby@clock.co.uk>
Paulo McNally <paulomcnally@gmail.com>
Pavlo Voznenko <p.voznenko@gmail.com>
Pedro González <pedrogonzalezgil@gmail.com>
Pedro Landeiro <landeiro@gmail.com>
Pelle Wessman <pelle@kodfabrik.se>
Peter Jihoon Kim <raingrove@gmail.com>
Peter deHaan <peter@deseloper.com>
Phil Greenberg <phil@entefy.com>
Phillip Johnsen <johphi@gmail.com>
Pierre Voisin <pvoisin@can2go.com>
Raphael Pigulla <pigulla@four66.com>
ReadmeCritic <frankensteinbot@gmail.com>
Rebecca Turner <turner@mikomi.org>
Rob Wu <rob@robwu.nl>
Rod Vagg <rod@vagg.org>
Roderick Hsiao <rodhsiao@yahoo-inc.com>
Romain Laï-King <rlaiking@articque.com>
Romain <filirom1@gmail.com>
Rory Haddon <rhaddon@gmail.com>
Rowan Wookey <admin@rwky.net>
Ryan Graham <r.m.graham@gmail.com>
Ryan Wholey <rjwholey@gmail.com>
Sam Day <sday@atlassian.com>
VPLACSA <sam@samplacette.com>	Sam Placette <sam@samplacette.com>
Sam Saccone <samccone@gmail.com>
Sandro Santilli <strk@keybit.net>
Saul Maddox <saul@2nd.md>
Scott Trinh <scott@scotttrinh.com>
Sean Hagstrom <hagstromsg@gmail.com>
Sean McArthur <sean.monstar@gmail.com>
Sebastian Mayr <sebastian@trello.com>
Seth Bridges <seth@sethbridges.com>
Seth Pollack <teampollack@gmail.com>	Seth Pollack <seth@pollackphoto.com>
Shawn Jonnet <sjonnet19@gmail.com>
Simen Bekkhus <sbekkhus91@gmail.com>
Stanisław Wasiutyński <staszek.wasiutynski@gmail.com>
Stéphane Alnet <stephane@shimaore.net>	Stephane Alnet <stephane@shimaore.net>
Steven Aerts <steven.aerts@gmail.com>
Stuart Harris <stuart.harris@red-badger.com>
Stuart P. Bentley <stuart@testtrack4.com>
Sunil Pai <threepointone@gmail.com>
TehShrike <me@JoshDuff.com>
Tero Keski-Valkama <tero.keski-valkama@neter.fi>
The Gitter Badger <badger@gitter.im>
Thomas Cort <linuxgeek@gmail.com>
Thomas Hallock <hallock@gmail.com>
Thomas Watson Steen <w@tson.dk>
Tiffany Low <tiffany@box.com>
Tim O'Sulg <timgluz@gmail.com>
Tim Schaub <tim.schaub@gmail.com>
Tim Shadel <github@timshadel.com>
Tobias Bieniek <Tobias.Bieniek@gmx.de>
Toehio <root@toehio.com>
Tom Buchok <tom@buchok.com>
Tom Wilson <tom@jackhq.com>
Tony <zearin@gonk.net>
Topper Bowers <topper@toppingdesign.com>
Tõnis Tiigi <tonistiigi@gmail.com>
Tristan Davies <github@tristan.io>
Tyler Dixon <TylerD1242@gmail.com>
Vinay Pulim <v@pulim.com>
Vincens Mink <exxcaliber88@yahoo.dk>
Vincens R. Mink <vincens@usepaddle.com>
Visnu Pitiyanuvath <visnupx@gmail.com>
Vitaly Domnikov <dotcypress@gmail.com>
Vitor Mattos <vitor.mattos@vtex.com.br>
Way, No <noway@2ch.hk>
Whitney Young <wbyoung@fadingred.com>
William Riley-Land <william@kun.io>	William P. Riley-Land <william@kun.io>
Wyatt Preul <wpreul@gmail.com>
Yang Xia <yaxia@microsoft.com>
YasharF <YasharF@users.noreply.github.com>
Yu-Shih Wang <joshux321@gmail.com>
Zach Renner <zarenner@microsoft.com>
alessioalex <alessio.ijoomla@gmail.com>
bcoe <bencoe@gmail.com>
brichard19 <brichard.code@gmail.com>
calibr <awcalibr@gmail.com>
charles <charles.pclermont@gmail.com>
cristian <criscalovis@gmail.com>
crocket <crockabiscuit@gmail.com>
daishi <daishi@axlight.com>
djchie <djchie.dev@gmail.com>
falms <F@L.fal.ms>
froatsnook <froatsnook@gmail.com>
garymathews <gmathews@appcelerator.com>
greenkeeperio-bot <support@greenkeeper.io>
guimonz <guilherme@konkix.com>
indexzero <charlie.robbins@gmail.com>
jphaas <jphaas@gmail.com>
kbackowski <kbackowski@gmail.com>
kirrg001 <katharina.irrgang@googlemail.com>
mac- <mac.ang3ll@gmail.com>
mdemo <mengdesen09@qq.com>
medovob <rich@stutfield.net>
michalstanko <michal@stankoviansky.com>
mitz <hayasaka.mitsuru@gmail.com>
netpoetica <krosenberg@m3-health.com>
preilly <preilly@brightcove.com>
seanstrom <sean@seanhagstrom.com>	seanstrom <sean.hagstrom@originate.com>
seanstrom <sean@seanhagstrom.com>	snjedi <sean.hagstrom@originate.com>
shakedo <ofir.shaked@hp.com>
simov <simeonvelichkov@gmail.com>	simo <simeonvelichkov@gmail.com>
sreuter <s.reuter@geek-it.de>
sxyizhiren <786647787@qq.com>
tcme <hi@this-connect.me>
upisfree <upisfree@outlook.com>
vvo <vincent.voyer@gmail.com>
ypocat <juraj.vitko@gmail.com>
yyfrankyy <yyfrankyy@gmail.com>
zephrax <zephrax@gmail.com>
Łukasz Żak <zlukasz.poczta@gmail.com>
Сковорода Никита Андреевич <chalkerx@gmail.com>
董劭田 DONG Shaotian <dong.dick@gmail.com>