=Bhargav Ponnapalli <=bhargavponnapalli.5@gmail.com>
Aaron Yan <aaron.yan@automattic.com>	Aaron Yan <aaronyan815@gmail.com>
Adam Becker <adambbecker@gmail.com>
Afsheen Irani <afsheenirani@gmail.com>
Ahmad Awais <mrahmadawais@gmail.com>
Alex Gyoshev <alex@gyoshev.net>
Alex Kirk <akirk@users.noreply.github.com>	Alex Kirk <alex.git@kirk.at>
Alexander Kirk <alexander@kirk.at>
Alexandra Nyitraiova <alexandranyitraiova@gmail.com>	nitrajka <alexandranyitraiova@gmail.com>
Alister Scott <alister.scott@gmail.com>	Alister Scott <alister.scott@automattic.com>
Allan Cole <allan.cole@automattic.com>
Alleh <alex@alleh.io>
Allen Snook <allen@allendav.com>	Allen Snook <allendav@automattic.com>
Andrei Demian <undemian@gmail.com>
Andrew Duthie <andrew@andrewduthie.com>	Andrew Duthie <aduthie7@gmail.com>
Andrew Kolesnikov <hello@andrewkolesnikov.com>	Andrew Kolesnikov <cruxst@gmail.com>
Andrija Vucinic <andrija.vucinic@gmail.com>
Andrés Maneiro <andres.maneiro@automattic.com>	Andrés Maneiro <nosolosw@users.noreply.github.com>
Andy Peatling <apeatling@users.noreply.github.com>	Andy Peatling <apeatling@gmail.com>
Anthony L. Rivera <anthonylrivera@gmail.com>
Anthony <bubel@users.noreply.github.com>
artpi <artpi@post.pl>	Artur Piszek <artpi@post.pl>
artpi <artpi@post.pl>	Artur Piszek <artur.piszek@gmail.com>
Bartosz Budzanowski <bartosz.budzanowski@gmail.com>	budzanowski <bartosz.budzanowski@gmail.com>
Robert Collins <beaucollins@gmail.com>	Robert “Beau” Collins <beau@collins.pub>
Robert Collins <beaucollins@gmail.com>	Robert “Beau” Collins <beaucollins@gmail.com>
Robert Collins <beaucollins@gmail.com>	Robert Collins <robert@automattic.com>
Robert Collins <beaucollins@gmail.com>	Beau Collins <beaucollins@gmail.com>
Beau Lebens <beau@dentedreality.com.au>
Ben Dwyer <ben@scruffian.com>
Ben Lowery <blowery@users.noreply.github.com>	Ben Lowery <ben.lowery@automattic.com>
Benjamin Coenen <benjamin.coenen@hotmail.com>
Bernhard Reiter <ockham@raz.or.at>	Bernie Reiter <ockham@raz.or.at>
Bill Heaton <pixelhandler@gmail.com>
Biser Perchinkov <biser@bisko.be>
Bob <bob.ralian@gmail.com>	Bob Ralian <bob.ralian@gmail.com>
Boris Kuzmanov <boris.kuzmanov@haselt.com>
Brandon Kraft <public@brandonkraft.com>
Brian Kilrain <bkilrain@gmail.com>
Brie Anne Demkiw <brie@automattic.com>	Brie Anne Demkiw <breezyskies@users.noreply.github.com>
Brooke Dukes <brooke@automattic.com>	Brooke Dukes <bandonrandon@gmail.com>
Bruno Scopelliti <bru.scopelliti@gmail.com>
Caroline Moore <calobee@gmail.com>
ehg <chris@ehg.sh>	ehg <chris.blower@jumpwire.co.uk>
ehg <chris@ehg.sh>	Chris Blower <chris@ehg.sh>
ehg <chris@ehg.sh>	Chris Blower <chris.blower@jumpwire.co.uk>
bluefuton <chris@bluefuton.com>	Chris Rosser <chris@bluefuton.com>
Copons <copons@users.noreply.github.com>	Jacopo Tomasone <Copons@users.noreply.github.com>
retrofox <rdsuarez@gmail.com>	Damián Suárez <rdsuarez@gmail.com>
Dan Hauk <hauk.dan@gmail.com>
Dan Miller <danmiller@bluedrop.com>
Dan Roundhill <dan@automattic.com>	Dan Roundhill <dan@a8c.com>
Dan Wyman <deltaWhiskey@users.noreply.github.com>
Daniel Rey Lopez <daniel.rey.lopez@automattic.com>
Daniel Rey <daniel.rey.lopez@gmail.com>	Daniel Rey López <daniel.rey.lopez@gmail.com>
Daniel Walmsley <goldsounds@gmail.com>
Daryl L. L. Houston <daryl@learnhouston.com>	Daryl L. L. Houston <daryl@automattic.com>
Dave Furfero <furf@furf.com>
Dave Whitley <drw158@gmail.com>
Davide Casali <folletto.id@gmail.com>
Dennis Snell <dennis.snell@automattic.com>
Derek Milne <Michael77@users.noreply.github.com>
Derek Powazek <powazek@automattic.com>
Derek Smart <smart@automattic.com>	dereksmart <smart@automattic.com>
Derek Springer <derekspringer@gmail.com>
Diki Andriansyah <diki1aap@gmail.com>
Dongseok Paeng <dongseok0@gmail.com>
Donna Peplinskie <donnapep@gmail.com>	Donna Peplinskie <donna.peplinskie@risevision.com>
Drew Blaisdell <drew.blaisdell@gmail.com>
Drew Butler <hi@dbtlr.com>
Edo Ran <ido.ran+auto@gmail.com>
Eduardo Villuendas <eduardo.villuendas@automattic.com>	Eduardo Villuendas <evilluendas@gmail.com>
Elio Rivero <eliorivero@gmail.com>
iseulde <ella@iseulde.com>	Ella <ella@iseulde.com>
Enej Bajgoric <enej.bajgoric@gmail.com>
Eoin Gallagher <eoigal@gmail.com>	eoigal <eoigal@gmail.com>
Eric Binnion <ericbinnion@gmail.com>	Eric Binnion <ericbinnion@Erics-MacBook-Pro-2.local>
Ernesto Méndez <mendezcode@gmail.com>
Fabiana Simões <fabiana@automattic.com>	Fabiana Simões <fabianapsimoes@gmail.com>
Filipe Varela <keoshi@keoshi.com>
fditrapani <filippo.di.trapani@automattic.com>	Filippo  Di Trapani <filippo.di.trapani@automattic.com>
Folletto <folletto@gmail.com>
Garron Sanchez <garronmichael@gmail.com>
George Fogle <fogle.george@gmail.com>
George Hotelling <george@hotelling.net>
GitHub <noreply@github.com>
Giuseppe Gurgone <ggurgone@gmail.com>
Greg Ichneumon Brown <gbrown5878@gmail.com>
Grzegorz Ziolkowski <grzegorz@gziolo.pl>	Grzegorz Ziółkowski <grzegorz@gziolo.pl>
Hafiz Rahman <hafiz@automattic.com>	Hafiz Rahman <hfzrhmn@gmail.com>
Hammy Havoc <hammy@splitanatom.com>
Hew <hewsut@users.noreply.github.com>	Hew <github@mhs.fastmail.com>
Hugo Giraudel <hugo.giraudel@gmail.com>
Ian Nuttall <me@iannuttall.co.uk>	iannuttall <me@iannuttall.co.uk>
Igor Klimer <igor@klimer.eu>	Igor Klimer <igor.klimer@automattic.com>
Igor Klimer <igor@klimer.eu>	Igor Klimer <klimeryk@users.noreply.github.com>
Igor Zinovyev <zinigor@gmail.com>
Ivan Sebastian <ivantedja@gmail.com>
J Bohrer <jjbskir@gmail.com>
Jake F - @samouri <samouri@users.noreply.github.com>	samouri <samouri@users.noreply.github.com>
Jake F - @samouri <samouri@users.noreply.github.com>	samouri <jzfisgreat@gmail.com>
Jake F - @samouri <samouri@users.noreply.github.com>	Jake Fried <jzfisgreat@gmail.com>
James Koster <james@jameskoster.co.uk>
James Nylen <jnylen@gmail.com>
James Tien <southp0105@gmail.com>
Jan Cavan Boulas <mj12982@gmail.com>	Jan Cavan Boulas <janmcavan@gmail.com>
Jan Cavan Boulas <mj12982@gmail.com>	jancavan <janmcavan@gmail.com>
Jan Matousek <jan.matousek@automattic.com>	Jan Matousek <jan@m6k.cz>
Jason Johnston <jasonjohnston76@gmail.com>	Jason Johnston <johnston@nationbuilder.com>
Jason Johnston <jasonjohnston76@gmail.com>	Jason Johnston <jhnstn@users.noreply.github.com>
Jason Moon <jsnmoon@me.com>
Javi A <javieralvarezlop@gmail.com>
Javier Villanueva <javier@medialounge.co.uk>
Jeff Bowen <jeff@automattic.com>	Jeff Bowen <jblz@users.noreply.github.com>
Jeff Golenski <jeffgolenski@gmail.com>
Jenia <jenial@users.noreply.github.com>
Jennifer M. Dodd <jmdodd@users.noreply.github.com>
Jeremey DuVall <jeremeylduvall@gmail.com>
Jeremey <jeremey.duvall@automattic.com>
Jeremy Herve <jeremy@tagada.hu>
Joen Asmussen <joen@automattic.com>
Joey Kudish <joachim.kudish@gmail.com>	Joey Kudish <joey@jkudish.com>
John Godley <johng75@gmail.com>	John <johng75@gmail.com>
John Maeda <johnmaeda@users.noreply.github.com>
John-David Dalton <john.david.dalton@gmail.com>
Jonathan Bardo <jonathanbardo@users.noreply.github.com>
Jonathan Belcher <belcherj@gmail.com>
Jonathan Persson <persson.jonathan@gmail.com>
jonathansadowski <jonathansadowski@users.noreply.github.com>	Jonathan Sadowski <sadowski@automattic.com>
jonathansadowski <jonathansadowski@users.noreply.github.com>	Jonathan Sadowski <jonathan@sadowski.us>
jonathansadowski <jonathansadowski@users.noreply.github.com>	Jonathan Sadowski <jonathan@Jonathans-iMac.local>
Jordan West <jordwest@users.noreply.github.com>	Jordan West <jordwest@gmail.com>
Joseph Callaars <joseph@callaa.rs>
Joseph Fusco <josephfusco@users.noreply.github.com>
Joseph Rollins <joseph@socialtables.com>
Josh Levinson <joshalevinson@gmail.com>	Josh Levinson <josh.levinson@10up.com>
José Antônio Rosa dos Santos Júnior <joses.jr@gmail.com>
Juan C. Ramos <vonzo55@gmail.com>	jc <vonzo55@gmail.com>
Juanjo Dominguez <uanjoze@users.noreply.github.com>
Julian de Bhal <julian.debhal@automattic.com>
Julian de Bhál <deBhal@users.noreply.github.com>
Julien Melissas <julien.melissas@gmail.com>
Justin Shreve <justin.shreve@gmail.com>
Kat Hagan <kat@codebykat.com>
Kathryn <kathryn@automattic.com>
Kelly Dwan <kelly.dwan@gmail.com>
kellychoffman <kelly@automattic.com>	Kelly Hoffman <kelly@automattic.com>
Kerry Liu <gwwar@users.noreply.github.com>	Kerry Liu <kerryliu@gmail.com>
Kerry Liu <gwwar@users.noreply.github.com>	kerryliu <kerryliu@gmail.com>
alternatekev <alternatekev@me.com>	Kevin Conboy <alternatekev@users.noreply.github.com>
alternatekev <alternatekev@me.com>	Kevin Conboy <alternatekev@me.com>
Kevin Killingsworth <kevin@redfenix.com>
Kevin Lo <radnor@gmail.com>
Kirk Wight <kwight@kwight.ca>	kwight <kwight@kwight.ca>
Kjell Reigstad <kjell@kjellr.com>
Konstantin Obenland <obenland@automattic.com>	Konstantin Obenland <obenland@gmx.de>
Kurtis Rainbolt-Greene <me@kurtisrainboltgreene.name>
Lance Willett <lance@automattic.com>	Lance Willett <lance@simpledream.net>
Leif Singer <github@singer.sh>	Leif Singer <git@singer.sh>
Long Wei <Bontrey@gmail.com>	Long Wei <longwei@longwei-macbookair.roam.corp.google.com>
Luca Sartoni <luca.sartoni@automattic.com>	Luca Sartoni <info@lucasartoni.com>
Luca Sartoni <luca.sartoni@automattic.com>	Luca Sartoni <hikarikariudo@AustinPowers.local>
Luca Sartoni <luca.sartoni@automattic.com>	Luca Sartoni <hikarikariudo@austinpowers.homenet.telecomitalia.it>
Marcin Bot <both00z@gmail.com>
Marco Aurélio <thecoreh@gmail.com>	Marco Aurelio <thecoreh@gmail.com>
Marcus Kazmierczak <marcus@mkaz.com>
Mardav Wala <wiinci@users.noreply.github.com>
Marek Hrabe <marekhrabe@me.com>	marekhrabe <marekhrabe@me.com>
Marek Hrabe <marekhrabe@me.com>	marekhrabe <marekhrabe@abdoc.net>
Marek Hrabe <marekhrabe@me.com>	Marek Hrabe <marekhrabe@abdoc.net>
Marin Atanasov <tyxla@abv.bg>	Marin Atanasov <tyxla@users.noreply.github.com>
Marin Atanasov <tyxla@abv.bg>	Marin Atanasov <marin@Marins-MacBook-Pro.local>
Mark Ryall <mark.ryall@gmail.com>	Mark Ryall <mark@ryall.name>
Marko Andrijasevic <marko.andrijasevic@automattic.com>	Marko Andrijasevic <markoandrijasevic@gmail.com>
Marko Andrijasevic <marko.andrijasevic@automattic.com>	Marko Andrijasevic <marko.andrijasevic@protonmail.com>
Matías Ventura <mv@matiasventura.com>	Matias Ventura <mv@matiasventura.com>
Matt Husby <matt@uncouthsoft.com>	Matt Husby <matthusby@gmail.com>
Matt Mazur <matthew.h.mazur@gmail.com>
Matt Miklic <mattmiklic@automattic.com>	Matt Miklic <mattmiklic@users.noreply.github.com>
Matt Mullenweg <m@mullenweg.com>
Matt Sherman <matt@jam123.com>	mattsherman <matt@jam123.com>
Matt Wiebe <matt@somadesign.ca>	Matt Wiebe <wiebe@automattic.com>
Matt Wondra <mattwondra@gmail.com>	Matt Wondra <matt.wondra@automattic.com>
Matt Wondra <mattwondra@gmail.com>	Matt Wondra <matt@apartmenttherapy.com>
Matthew Wondra <mattwondra@Matthews-MacBook-Pro.local>
Mel Choyce <melissachoyce@gmail.com>	Mel Choyce <melchoyce@users.noreply.github.com>
Meredith Bordoni <meremagee@gmail.com>	meremagee <meremagee@gmail.com>
MichaelArestad <marestad@gmail.com>	Michael Arestad <marestad@gmail.com>
Michael Cain <michael@michaeldcain.com>
Michael Pretty <prettyboymp@gmail.com>	Michael Pretty <prettyboymp@users.noreply.github.com>
Michael Pretty <prettyboymp@gmail.com>	Michael Pretty <prettyboymp@Michaels-MacBook-Pro.local>
Michael Shelton <mike.shelton@automattic.com>	mikeshelton1503 <mike.shelton@automattic.com>
Michele <MicBosi@users.noreply.github.com>
Miguel Fonseca <miguelcsf@gmail.com>
Miguel Lezama <miguel@automattic.com>	Miguel Lezama <lezama@gmail.com>
Miklos Juhasz <juhasz.miklos.1@gmail.com>	Miklos Juhasz <miklos.juhasz@automattic.com>
Mohammad Jangda <batmoo@gmail.com>
Naoko Takano (McCracken) <info@nao-net.com>
Nathan Rajlich <nathan@tootallnate.net>
Nikolay Bachiyski <nb@nikolay.bg>
Nuno Hora <nunohora@gmail.com>
Omar Jackman <github@omarjackman.com>
oskosk <oskosk@gmail.com>	Osk <oskosk@users.noreply.github.com>
oskosk <oskosk@gmail.com>	Osk <oskosk@gmail.com>
PJ Fancher <pj@digitalbrands.com>
Paul Sealock <psealock@gmail.com>
Paul Sieminski <pes@automattic.com>
Payton Swick <payton@foolord.com>
Pete <peterebutler@gmail.com>	Peter Butler <peterebutler@gmail.com>
Peter Westwood <peter.westwood+github@ftwr.co.uk>	Peter Westwood <peter.westwood@ftwr.co.uk>
Plamen Zdravkov <zdravkov.pl@gmail.com>
Prayag Verma <prayag.verma@gmail.com>
Radford Smith <contact@radsmith.com>	Radford Smith <radsmith@gmail.com>
Ran <ran@a8c.com>
Raoul Wegat <raoul@raoulwegat.com>
Rastislav Lamos <lamos.rasto@gmail.com>
Regan Starr <reganstarr@gmail.com>
Riad Benguella <benguella@gmail.com>
Rich Collier <rich.collier@automattic.com>	Rich Collier <rcoll@users.noreply.github.com>
Richard Muscat <richard.muscat@gmail.com>
Rick Banister <rick.banister@automattic.com>
Ro Savage <rowan.savage@gmail.com>
Rob Gietema <rob.gietema@gmail.com>
Rob Landers <landers.robert@gmail.com>
Robert Felty <rob.felty@automattic.com>	Robert Felty <robfelty@gmail.com>
Rocco Tripaldi <tripaldir@gmail.com>	roccotripaldi <tripaldir@gmail.com>
Rocco Tripaldi <tripaldir@gmail.com>	Rocco Tripaldi <roccotripaldi@Roccos-MacBook-Pro.local>
Rodrigo Iloro <rodrigo.iloro@gmail.com>	Rodrigo Iloro <rodrigo.iloro@automattic.com>
Rory McCune <raesene@gmail.com>
Ryan Boren <ryan@boren.me>
Sampath Jaini <skjaini@gmail.com>
Yury Michurin <yury@automattic.com>	Yury Michurin <yury@nix.co.il>
Yury Michurin <yury@automattic.com>	Samuel Clemens <yury@michurin.co.il>
Yury Michurin <yury@automattic.com>	Yury Michurin <yury@michurin.co.il>
Sawyer Hood <sawyerjhood@gmail.com>	sawyer <sawyerjhood@gmail.com>
Scott Evans <git@scott.ee>	Scott <git@scott.ee>
Scott Stancil <hoverduck@users.noreply.github.com>	Scott Stancil <scott.stancil@automattic.com>
Sendhil Panchadsaram <sendhilp@gmail.com>	Sendhil Panchadsaram <sendhil@Sendhils-MacBook-Pro.local>
SendilKumar N <sendilkumarn@live.com>	sendilkumarn <sendilkumarn@live.com>
SendilKumar N <sendilkumarn@live.com>	Sendil Kumar N <sendilkumarn@live.com>
shaunandrews <shaun@automattic.com>	Shaun Andrews <shaun@automattic.com>
Sheri Bigelow <sheri@designsimply.com>
Simon Owen <s1000wen@gmail.com>
SiobhyB <SiobhyB@users.noreply.github.com>
Slobodan Mišković <slobodan@miskovic.ca>
Spen Taylor <spen_@hotmail.co.uk>
Spncr Brry <spncr@a8c.com>	Spencer Berry <spncr@a8c.com>
Stefanos Togoulidis <stefanostogoulidis@gmail.com>	Stefanos Togkoulidis <stefanostogoulidis@gmail.com>
Steve Kaeser <steve.kaeser@gmail.com>
Steve Seear <steve.seear@gmail.com>
Stu West <stu@automattic.com>
Stéphane Thomas <email@stephanethomas.com>
taggon <gonom9@gmail.com>	Taegon Kim <gonom9@gmail.com>
Takashi Irie <takashi@automattic.com>
Tammie Lister <tammie@automattic.com>	Tammie Lister <karmatosed@gmail.com>
Teemu Sarapisto <tsarpf@gmail.com>
Tien Do <Tiendq@users.noreply.github.com>	Tien Do <tiendq@gmail.com>
Tim Owens <genial@gmail.com>
Timmy Crawford <timmydcrawford@gmail.com>	Timmy Crawford <timmyc@users.noreply.github.com>
Tugdual de Kerviler <dekervit@gmail.com>
Umur Kontaci <umur@umur.io>	Umur Kontacı <umur@umur.io>
Vagish Vela <web@vagish.com>
Valerie <valerie@automattic.com>	Valerie K <valerie@automattic.com>
Veselin Nikolov <veselin@automattic.com>	Veselin Nikolov <serjant@gmail.com>
Veselin Nikolov <veselin@automattic.com>	Veselin Nikolov <dzver@abv.bg>
Viktor Vasilev <viktor.2create@gmail.com>	Viktor Vasilev <liberalcho@gmail.com>
Vlad GURDIGA <gurdiga@gmail.com>
Warren Knox <warren.knox@gmail.com>
Xiao Yu <me@xyu.io>
Yoav Farh <yoav@farhi.org>	Yoav Farhi <yoav@farhi.org>
alaczek <ola@bodera.com>
aladwig06 <andrew.ladwig@gmail.com>
all3nvan <all3nvan@users.noreply.github.com>
ashikkalavadiya <ashik.kalavadiya@gmail.com>
ashleighaxios <ashleighaxios@Ashleighs-MacBook-Pro.local>
benyaminshoham <benny.shoham@gmail.com>
bikedorkjon <jon@entropytc.com>
bubel <anthony.bubel@gmail.com>
druesome <drew@automattic.com>
duhduhdan <loudon.dan@gmail.com>
jchimienti89 <jchimien@mail.usf.edu>
jmdodd <jmdodd@gmail.com>
johnHackworth <javier.alvarez.lop@gmail.com>
jpersson <jonathan.persson@creuna.se>
mctenshi <mctenshi@gmail.com>
nobuti <buti@nobuti.com>
nprasath002 <n.prasath.002@gmail.com>
nssw <nssw@users.noreply.github.com>
ralder <ralder@yandex.ru>
root <wojciech.zawistowski@gmail.com>
zpnk <z@zpnk.me>
‹ ⁄ li › <li@endlist.io>