1Pete <the.pete.the.pete@gmail.com>
Adam Hess <adamhess1991@gmail.com>
Adam Howard <adz@skatty.me>
Adrian Estrada <edsadr@gmail.com>
Aia Patag <aiampogi@gmail.com>	balduv <aiampogi@gmail.com>
Aileen Nowak <aileen@ghost.org>	Aileen Nowak <AileenCGN@gmail.com>
Aileen Nowak <aileen@ghost.org>	AileenCGN <AileenCGN@gmail.com>
Alan Richards <alarobric@gmail.com>
Alex Cusack <cusackalex@gmail.com>
Alex Kleissner <alex@keen.io>
Ali Al Dallal <ali@alicoding.com>	ali <ali@alicoding.com>
Andrea Rossi <MasterTheBest@users.noreply.github.com>
Andrej Mlinarević <andrej@mono.hr>
Andrew Chilton <andychilton@gmail.com>
Andrew Schwartzmeyer <andrew@schwartzmeyer.com>
Andy <andrew.farrell@phgroup.com>
Antuan Khanna <antuan@antuankhanna.com>
Artyom Fedenko <artyomfedenko@hotmail.com>
Ashish Dixit <tundal45@gmail.com>
Augustus Yuan <ayuan@evernote.com>
Austin Burdine <acburdine@gmail.com>	Austin Burdine <acburdine@users.noreply.github.com>
Barry O'Rourke <barry@orodor.org.uk>
Ben Gladwell <bengladwell@gmail.com>
Ben Vibhagool <cvibhagool@gmail.com>
Benjamin Chodoroff <ben@theworkdept.com>
Blaine Bublitz <blaine@iceddev.com>
BlueHatbRit <myalt94@gmail.com>	BlueHatbRit <Myalt94@gmail.com>
Brad Dougherty <me@brad.is>
Brandon Hops <hops.brandon@gmail.com>
Brian Tedder <imbrianted@gmail.com>
Brian White <mscdex@mscdex.net>
Cameron Viner <cameron.viner@holidayextras.com>
Carsten Ringe <carsten@kopis.de>
Cezary Kluczyński <cezary.kluczynski@gmail.com>
Chris Maddox <tyre77@gmail.com>
Chris Pearce <hello@chrispearce.me>
Christopher Giffard <christopher.giffard@cgiffard.com>
Clay Diffrient <cdiffrient@instructure.com>
b1nd <clint.ryan3@gmail.com>	Clinton Ryan <clint.ryan3@gmail.com>
Connor Tumbleson <connor.tumbleson@gmail.com>
Corey <cdaley@redhat.com>
Damien Dormal <damien.dormal@mokosocialmedia.com>
Dan Schnau <dan@danschnau.com>
Dane Springmeyer <dane@dbsgeo.com>
Daniel Hanson <hansondr@gmail.com>
Daniel Niccoli <daniel.niccoli@gmail.com>	Daniel Niccoli <Borkason@users.noreply.github.com>
Daniel Tsui <danielt213@gmail.com>
David Arvelo <david@davidarvelo.com>
David Balderston <dbalders@gmail.com>	David Balderston <david@howtoinstallghost.com>
David Blurton <david.blurton@gmail.com>
David Robson <david.robson@bookitude.com>
David Wolfe <david@ghost.org>
Declan Cook <dcook@nhc.ac.uk>	Declan cook <declancook44@gmail.com>
Declan Cook <dcook@nhc.ac.uk>	Declan Cook <declancook44@gmail.com>
Delgermurun <pdelgermurun@gmail.com>	Delgermurun <delgermurun.p@nmtec.co>
Derek Myers <arcticpro@gmail.com>
Devin Doolin <icddevin@gmail.com>
Dmitry Mazuro <dmitry.mazuro@icloud.com>
Duncan MacKenzie <duncan@duncanmacweb.com>
Emerson Keenan <Development@Development2.ElphinstoneEngineering.local>
Enrique Chavez <noone@tmeister.net>
Eric Schultz <wwahammy@gmail.com>
Erik Bryn <erik.bryn@gmail.com>
Hannah Wolfe <github.erisds@gmail.com>	Hannah Wolfe <erisds@gmail.com>
Hannah Wolfe <github.erisds@gmail.com>	ErisDS <erisds@gmail.com>
Hannah Wolfe <github.erisds@gmail.com>	Hannah Wolfe <hannah@Hannahs-MacBook-Air.local>
Ethan Garofolo <ethan@suchsoftware.com>
Eugene Kulabuhov <eugene.kulabuhov@gmail.com>
Fabian Becker <halfdan@xnorfz.de>	Fabian Becker <fabian@zesty.com>
Fabian Miiro <fabian.miiro@outlook.com>
Fan Bin <fanbin0602@163.com>
Felix Rieseberg <felix@felixrieseberg.com>	Felix Rieseberg <felix.rieseberg@microsoft.com>
FunnyQ <funnyq@funnyq.com>
Gabor Javorszky <gabor@javorszky.co.uk>
Garrett Murphey <gmurphey@gmurphey.com>
Gary Cao <gary@solislab.com>
Georgi Knox <georgiknox@gmail.com>
Gergely Nemeth <gergelyke@users.noreply.github.com>
GitHub <noreply@github.com>
Glen E. Ivey <gei@mcn.org>
Greenkeeper <support@greenkeeper.io>	greenkeeperio-bot <support@greenkeeper.io>
Guy MANDINA NZEZA <guyghost@gmail.com>
Hans Lemuet <Spone@users.noreply.github.com>
Hans-Dieter Stich <hd@palmtopia.de>
Harry Hope <harry.hope@gmail.com>
Harry Mills <harry@freeagent.com>
Harry Moreno <morenoh149@gmail.com>
Harry V. Kiselev <harry.kiselev@gmail.com>
Harry Walter <harry.walter@lqdinternet.com>
Harry Wolff <hswolff@gmail.com>
Hendrik Schaeidt <he.schaeidt@gmail.com>
Henning Sprang <henning@sprang.de>
Hugo Jobling <hello@thisishugo.com>
Ian Lopshire <ianlopshire@me.com>
Ian Mitchell <ian.mitchel1@live.com>
Ihab Khattab <ikhattab@cloud9ers.com>
Ilya Radchenko <ilya@burstcreations.com>
Ivan Votti <ivanvotti@gmail.com>
JT Turner <jtwebman@gmail.com>
Jacob Gable <jacob.gable@gmail.com>
Jacob Kaplan-Moss <jacob@jacobian.org>
Jacques Marneweck <jacques@powertrip.co.za>
Jaiden Mispy <^_^@mispy.me>
Jake Wright <jake.w.96@live.co.uk>
Jakob Gillich <jakob@gillich.me>
James Inman <james@jamesinman.co.uk>
James Seymour-Lock <james@simpleasmilk.co.uk>
Jamie Knight <jamie@pluslion.com>
Jarrett Cruger <jcrugzz@gmail.com>
Jarrod Mosen <jarrod.mosen@me.com>
Jason Friedrich <jason@friedrich>
Jason Sturges <jason@jasonsturges.com>
Jason Williams <jaswilli@gmail.com>	Jason Williams <jaswilli@users.noreply.github.com>
Jason Williams <jaswilli@gmail.com>	jtw <jaswilli@users.noreply.github.com>
Jay Beavers <jay@hikinghomeschoolers.org>
Jeff Escalante <hello@jenius.me>
Jeff Jewiss <jeffjewiss@gmail.com>
Jeremiah Hoyet <jerhoyet@gmail.com>	Jeremiah Hoyet <jeremiah.hoyet@meltwater.com>
Jesse Dijkstra <mail@jessedijkstra.nl>
Jesse Tane <jesse.tane@gmail.com>
Jilles Soeters <info@jilles.me>
Jimmy Hsu <jimmyhsu@users.noreply.github.com>
Joe Cannatti <joecannatti@gmail.com>
Joe Wegner <joe@wegnerdesign.com>
Joel Fischer <joeljfischer@gmail.com>
Joel Rosenberg <joeldrosenberg@yahoo.com>
Joerg Henning <henning.joerg@gmail.com>
Johan Stenehall <stenehall@gmail.com>
John Cruikshank <cruikshj@live.com>
John Nguyen <jtnguyen236@gmail.com>
John O'Mahoney <me@jomahoney.io>	John O'Mahoney <jomahoney@users.noreply.github.com>
John O'Nolan <john@ghost.org>	John O'Nolan <john@tryghost.org>
John O'Nolan <john@ghost.org>	John O'Nolan <john@onolan.org>
John-David Dalton <john.david.dalton@gmail.com>
Jonathan Johnson <jon@crowdfavorite.com>
JonathanKryza <JonathanKryza@users.noreply.github.com>
Jono Warren <jonathan_warren@bcl.co.uk>
Jordan Sexton <jordan@jordansexton.com>
Jorge Niedbalski <jorge@nimbic.com>
Joris Berthelot <eexit@users.noreply.github.com>
Josh Kalderimis <josh.kalderimis@gmail.com>
Josh Vanderwillik <joshwillik@gmail.com>
Julien Brun <sikado@users.noreply.github.com>
Julien Gilli <julien.gilli@joyent.com>
jyek <justinyek@gmail.com>	Justin Yek <justinyek@gmail.com>
Karl Mikkelsen <karl@kingkarl.com>
Karolis Dzeja <karolis@gmail.com>
Kate von Roeder <katevonroeder@gmail.com>
Katharina Irrgang <kirrg001@KatharinasMBP2.fritz.box>	Katharina Irrgang <katharina.irrgang@googlemail.com>
Katharina Irrgang <kirrg001@KatharinasMBP2.fritz.box>	kirrg001 <katharina.irrgang@googlemail.com>
Katharina Irrgang <kirrg001@KatharinasMBP2.fritz.box>	Katharina Irrgang <kirrg001@Katharinas-MBP.fritz.box>
Katharina Irrgang <kirrg001@KatharinasMBP2.fritz.box>	“kirrg001” <katharina.irrgang@googlemail.com>
Katharina Irrgang <kirrg001@KatharinasMBP2.fritz.box>	Katharina Irrgang <kirrg001@Katharinas-MacBook-Pro.fritz.box>
Katie Fenn <masqurinwizard@googlemail.com>
KelvinJin <owenwjowenwj@gmail.com>
Kenny Meyer <kenny@kennymeyer.net>
Kerstin Kollmann <code@kerstinkollmann.com>
Kevin Ansfield <kevin@lookingsideways.co.uk>
Kevin P. Kucharczyk <kevinkucharczyk@gmail.com>
Kirill Yakovenko <kirill.yakovenko@me.com>
Klion Xu <sanddudu@gmail.com>	sanddudu <sanddudu@gmail.com>
Kowsheek Mahmood <kowsheek@gmail.com>
Kumar Abhinav <kumar.abhinav@me.com>
Kyle Nunery <kyle.nunery@gmail.com>
Leonard Camacho <leonard.camacho@gmail.com>
Lev Gimelfarb <lev.gimelfarb@gmail.com>
Lucas <lucas@agtlucas.com>	Lucas Churchill <lucas@agtlucas.com>
Lucas Holmquist <lholmqui@redhat.com>
Lukas Strassel <lukasstrassel@googlemail.com>
Luke Arduini <luke.arduini@gmail.com>
Luke Shiels <shielsasaurus@gmail.com>
Manuel Gellfart <schmanu@manuels-air.fritz.box>	Manuel Gellfart <schmanu@Manuels-MacBook-Air.local>
Manuel Mitasch <manuel@cms.mine.nu>
Marc Bachmann <marc.brookman@gmail.com>
Marco Otte-Witte <marco.otte-witte@simplabs.com>
Marco Sampellegrini <m@rcosa.mp>	Marco Sampellegrini <marko782@gmail.com>
Marcos Ojeda <subliminal@gmail.com>
Mark Berger <mark.berger.j@gmail.com>
Mark Stacey <markjstacey@gmail.com>
Mark Stosberg <mark@rideamigos.com>
Markus Siemens <siemens1993@gmail.com>
Martijn Swaagman <info@martijnswaagman.nl>
Martin H. Normark <mhn@milkshakesoftware.com>
Mateusz Derks <mateusz.derks@gmail.com>
Matheus Azzi <matheuslazzi@gmail.com>
Matt DuVall <mduvall89@gmail.com>	Matthew DuVall <mduvall89@gmail.com>
Matt Enlow <matt@novaugust.net>	Matt Enlow <matt@divaos.com>
Matt Florence <matt@mattflo.com>
Matt Hughes <hughesm02@gmail.com>
Matt Willsher <matt@monki.org.uk>
Matthew Beale <matt.beale@madhatted.com>
Matthew Harrison-Jones <matthojo@gmail.com>
Mattias Cibien <mattias@mattiascibien.net>
Maurice Williams <morfius@gmail.com>	Maurice Williams <morficus@gmail.com>
Michael Auer <auermi@users.noreply.github.com>
Michael Bradshaw <mjbshaw@gmail.com>
Michael Nason <m.s.nason@gmail.com>
Michael Schmidt-Voigt <michael@schmidt-voigt.de>
Micheil Smith <micheil@brandedcode.com>
Mikael Brockman <mikael@brockman.se>
Mikkel Hoegh <mikkel@hoegh.org>
Misha Wakerman <mwakerman@users.noreply.github.com>
valipour <valipour@gmail.com>	Mo Valipour <valipour@gmail.com>
Naoya Kanai <naopon@gmail.com>
Nathan Fulkerson <nm.fulkerson@gmail.com>
Nathan Wittstock <nwittstock@north.com>
Nazar Gargol <nazargargol@gmail.com>
NetPuter <netputer@gmail.com>
Nick Cernis <nick@cern.is>
Nick Donohue <ndonohue@gmail.com>
Nick Pfisterer <hello@nickp.co>
Nick Schonning <nschonni@gmail.com>
Nicola Mustone <mustone.nicola@gmail.com>	SiD DanieL <mustone.nicola@gmail.com>
Oliver Schneider <os@ols.io>
Pascal Borreli <pascal@borreli.com>
Patrick Garman <patrick@pmgarman.me>	Patrick Garman <patrick@dwb.nu>
Paul Adam Davis <pauladamdavis@gmail.com>
Paul Connolley <paul.connolley@gmail.com>
Paul Davis <PaulAdamDavis@users.noreply.github.com>
Paul <paul@pogodan.com>
Pedro Teixeira <hello@pedroteixeira.io>
Peter Jones <pete@peterellisjones.com>
Peter Szel <peter_szel@epam.com>	Peter Szel <szelpeter@szelpeter.hu>
Peter deHaan <pdehaan@users.noreply.github.com>
polygonix <contact@polygonix.com>	Polygonix <contact@polygonix.com>
Rafael Corrêa Gomes <rafaelcg_stz@hotmail.com>
Rafael Grillo <rafael@Rafaels-MacBook-Pro.local>	Rafael Grillo <grillorafael@gmail.com>
Rahmon <ramondead@gmail.com>
Ramon <Rahmon@users.noreply.github.com>
Raon Park <raon0211@outlook.com>
Regina <reginabiondo@gmail.com>	Regina Biondo <reginabiondo@gmail.com>
Reinoud Kruithof <reinoud.kruithof@gmail.com>	Reinoud Kruithof <reinoud@montix.nl>
Rem Zolotykh <rem@zolotykh.net>
Renyu Liu <sd.qd.lry@gmail.com>
Ricardo Tomasi <ricardobeat@gmail.com>
Richard King <richard@richardskingdom.net>
Rob Graeber <bgraeber@gmail.com>
Robert Jackson <robert.w.jackson@me.com>
Robert Rhoades <robert.rhoades@boxuk.com>
Roy van Kaathoven <ik@royvankaathoven.nl>
Ryan McCarvill <ryan@disordinary.com>
Ryan Powell <mrpowell@gmail.com>
Ryan Seys <ryan@ryanseys.com>
Sam Saccone <samccone@gmail.com>
Samuel Goodwin <samuel@roundwallsoftware.com>
Sarah <sasafrantz@gmail.com>
Sean Hellwig <shellwig@thought-matrix.com>	Sean Hellwig <seanhellwig@gmail.com>
Sean Hussey <sean@seanhussey.com>
Seb Gotvitch <seb.gotvitch@gmail.com>
Sebastian Gierlinger <s.gierlinger@me.com>	Sebastian <s.gierlinger@me.com>
Sebastian Gräßl <sebastian@validcode.me>
Sem <sembrestels@riseup.net>
Sergio G <sergiogoro86@gmail.com>
Seth Lilly <seth@sethlilly.com>
Shashank Mehta <me@shashankmehta.in>
Shu Uesugi <chibicode@gmail.com>
Simone D'Amico <simone.damico@yithemes.com>
Stefan Baumgartner <sbaumg@gmail.com>
Stephan Bönnemann <stephan@boennemann.me>
Steve <steve@yureijs.com>	Steve <steve@shindakun.net>
Steve <steve@yureijs.com>	shindakun <steve@shindakun.net>
StevenMcD <StevenMcD@gmail.com>
Surya P <suryasongs@gmail.com>
Syaiful Bahri <sbahri@indo-soft.com>
Szu Yaung <johnny123tw@gmail.com>
Szél Péter <szelpe@gmail.com>
Talon <talon.poole@gmail.com>
Taras Mankovski <taras@quandl.com>
Terin Stock <terinjokes@gmail.com>
Thai Phan <thai@outlook.com>
Thiago Duarte <eu@thiagoduarte.com.br>
Thiago Tomasi <alpaca.thiago@gmail.com>
Thomas Faurbye Nielsen <archanium@gmail.com>
Tim Griesser <tgriesser10@gmail.com>
Tim Mansfield <manzoid@gmail.com>
Tim Walling <mail@timwalling.com>
Tom Gillett <tom@tomgillett.co.uk>
Tony Gaskell <thgaskell@gmail.com>
TryGhost-Travis <github@ghost.org>
Tushar Bhushan <tusharbhushan@Keens-MacBook-Pro.local>
U-nico-laptop\nico <nico@nico-laptop.(none)>
Victor Szeto <me@victorszeto.com>
Vijay Kandy <vkandy@users.noreply.github.com>
Vikhyat Korrapati <vikhyatk@gmail.com>
Vineet Sinha <vineet.sinha@gmail.com>
Vivek Kannan <vivek7641@gmail.com>
Waleed Ali <waleed.ali@snhu.edu>
wangsai <wangsai7885@gmail.com>	wangsai <wangsai@bootcss.com>
wangsai <wangsai7885@gmail.com>	WangSai <wangsai7885@gmail.com>
Wilhansen Li <wil@byimplication.com>
Will Glynn <will@willglynn.com>
William Dibbern <gotdibbs@outlook.com>	William Dibbern <wdibbern@sonomapartners.com>
William Golden <egdelwonk@gmail.com>
Xie JinBin <xiexiecn@hotmail.com>
Yang Lei <i@yangl1996.com>
Yang Xiao Ming <yangxiaoming890808@gmail.com>	Yang Xiaoming <yangxiaoming890808@gmail.com>
Yann Verry <yann@verry.org>
Yury Michurin <yury@nix.co.il>
Zach Geis <zacgeis@gmail.com>
Zach Schneider <schneidmaster@gmail.com>
Zlatan Vasović <legospace9876@gmail.com>
abe33 <cedric.nehemie@gmail.com>
andy matthews <andy@commadelimited.com>
baogechen <baoge_pmb@hotmail.com>
buddhamagnet <buddhamagnet@gmail.com>
cobbspur <cobbspur@hotmail.com>
danschumann <dan.schumann@gmail.com>
enahs <shane.frykholm@moovweb.com>
epistrephein <epistrephein@gmail.com>
ericterpstra <eterps@gmail.com>
fabfou <fabrice.clementz@neuf.fr>
frantzypants <sarah@trustmoms.com>
germanrcuriel <germix@germix.net>
haiseop <seoulrain@gmail.com>
hiroshi kobayashi <kobayashi@ans-web.co.jp>
hoxoa <hoxoa@web.de>
hwdsl2 <hwdsl2@users.noreply.github.com>
jamesbloomer <github2@thebloomers.co.uk>
janvt <janvt@me.com>
joeldrapper <joel@drapper.com>
johannesbeere <jo_hannes_beere@gmx.de>
jomahoney <john.a.omahoney@gmail.com>
king6cong <king6cong@gmail.com>
kraftner <thomas@kraftner.com>
lennerd <hello@lennerd.com>
lmoe <lukas.moeller@5minds.de>
mattse <matt.s.tse@gmail.com>
meowtec <sairly@126.com>
mfeckie <mfeckie@gmail.com>
moritz haarmann <m.haarmann@gmail.com>
nason <michael@nason.us>
nicksahler <nick@sahler.co>
nicoburns <nico@nicoburns.com>
nicovalencia <hello@nico.io>
nivramdu94 <nivramdu94@gmail.com>
nswbmw <gxqzk@126.com>
ntalbs <ntalbsen@gmail.com>
omeid <public@omeid.me>
oregami <oregami@163.com>
orliesaurus <orliesaurus@facebook.com>
petehunt <floydophone@gmail.com>
qingyejiazhu <qingyejiazhu@gmail.com>
quangtt <quangtt@rikkeisoft.com>
redwallhp <matt@ntugo.com>
rektide <rektide@voodoowarez.com>
remixz <zbruggeman@me.com>
rfpe <dodjocata@yahoo.com.br>
rmfx <rae@romeofoxtrot.me>
roryg <rg.rorygibson@gmail.com>
sahand12 <sahand.shok@gmail.com>
sessa <anthonysessa@gmail.com>
sjama <saeedjama1@hotmail.co.uk>
stzengpx <st.zengpx@gmail.com>
surgesoft <surgesoft@gmail.com>
sven212 <sven212@everfall.de>
tknew2 <strzelewicz.alexandre@gmail.com>
vagrant <vagrant@vagrant-ubuntu-precise-64.(none)>
vdemedes <vdemedes@gmail.com>
vitalie maldur <maldur.vitalie@gmail.com>
zethraeus <adam@zethrae.us>
zhenkyle <zhenkyle@gmail.com>
zinyando <brizdigital@gmail.com>
Łukasz Kliś <lukasz@klis.pl>
唐佳诚 <chasontang@gmail.com>